raw,canonical,support
磅 炮,Pounder M,120
高 高跟鞋,High Heels,88
关闭 轻,Close Soft,87
放置 下,Put Down,86
序列 快速,Sequence Fast,80
序列 长,Sequence Long,78
撞击 硬,Impact Hard,77
痛苦 小,Pain Small,74
微小 金属,Tiny Metal,71
金属 按钮,Metal Button,71
木质 门,Wooden Door,68
序列 短,Sequence Short,67
汽车 内部,Car Int,66
金属 哗啦,Metal Rattle,66
敲击 轻,Hit Soft,65
敲击 重,Hit Hard,63
痛苦 大,Pain Large,62
起音 长,Attack Long,61
开启 轻,Open Soft,61
手 小,Handed Small,60
短 轻,Short Soft,59
序列 缓慢,Sequence Slow,59
金属 干,Metal Dry,59
手推车 箱,Trolley Case,58
塑料 袋,Plastic Bag,58
金属 撞击,Metal Impact,57
缝纫 机器,Sewing Machine,57
轻 短,Soft Short,56
撞击 软,Impact Soft,56
奔跑 序列,Run Sequence,56
行走 序列,Walk Sequence,56
刮擦 快,Scrape Fast,55
木 旧,Wood Old,55
长 枪,Long Gun,53
低 短,Low Short,53
擦拭 关闭,Wipe Off,53
金属 刮擦,Metal Scrape,51
塑料 瓶,Plastic Bottle,51
极 短,Very Short,50
射 石炮,Bombard M,50
高 短,High Short,50
大 金属,Large Metal,50
强烈 近,Intense Close,49
吸气 短,Inhale Short,48
平静 近,Calm Close,48
平静 远处,Calm Distant,48
强烈 远处,Intense Distant,48
刮擦 慢,Scrape Slow,48
快速 序列,Fast Sequence,48
短 重,Short Hard,46
滑动 短,Slide Short,46
呼气 短,Exhale Short,45
低 长,Low Long,45
玻璃 瓶,Glass Bottle,45
滑动 长,Slide Long,43
旧 木质,Old Wooden,42
靴 金属,Boots Metal,42
旧 行李箱,Old Suitcase,42
快速 短,Fast Short,41
洗涤 机器,Washing Machine,41
碎石 轻,Gravel Light,41
重 短,Hard Short,40
高 音高,High Pitch,40
鸣响 小,Ring Small,40
哗啦 序列,Rattle Sequence,40
缓慢 序列,Slow Sequence,39
撞击 金属,Impact Metal,38
鸣响 大,Ring Large,38
单次 短,Single Short,37
哗啦 短,Rattle Short,37
序列 轻,Sequence Soft,37
复杂 大,Complex Large,35
操作 短,Handling Short,35
雷 近,Thunder Close,35
单次 轻,Single Soft,35
短 序列,Short Sequence,34
短 高,Short High,34
嗖 长,Whoosh Long,34
经过 旁,Pass By,34
尔特 箭,Arrow Gun,33
箭 枪,Gun M,33
撞击 木头,Impact Wood,33
开启 短,Open Short,33
长 序列,Long Sequence,33
掉落 重,Drop Hard,33
序列 重,Sequence Hard,33
金属 敲击,Metal Hit,33
水 瓶,Water Bottle,32
干 冰,Dry Ice,32
纸板 箱,Cardboard Box,32
小 关闭,Small Close,31
大 钢琴,Grand Piano,31
箱 开启,Box Open,30
楼下 序列,Downstairs Sequence,30
楼上 序列,Upstairs Sequence,30
小 平静,Small Calm,29
箱 大,Case Big,29
沙沙 序列,Rustle Sequence,29
喉音 硬,Guttural Hard,28
单发 射击,Shot M,28
小 短,Small Short,27
快速 重,Fast Hard,27
缓慢 长,Slow Long,27
流动 长,Movement Long,26
金属 链,Metal Chain,26
小 撞击,Small Impact,26
高 长,High Long,26
掉落 轻,Drop Soft,26
操作 放置,Handling Place,26
冰 滑行,Ice Skating,26
手 研磨机,Hand Grinder,26
流动 高,Movement High,25
小 强烈,Small Intense,25
哗啦 长,Rattle Long,25
哗啦 重,Rattle Hard,25
暗黑 嗓音,Dark Voice,25
卡通 放屁,Cartoon Fart,25
轻 长,Soft Long,24
滤波 调制,Filter Modulation,24
点缀 射击,Sweetener Shot,24
点缀 失真,Sweetener Distortion,24
大 平静,Large Calm,24
大 强烈,Large Intense,24
罐 小,Can Small,24
小 开启,Small Open,24
引擎 启动,Engine Start,24
吱吱 短,Squeak Short,24
高跟鞋 金属,Heels Metal,24
金属 梯子,Metal Ladder,24
抽屉 放置,Drawer Place,24
管道 胶带,Duct Tape,24
塑料 碗,Plastic Bowl,24
金属 片,Metal Sheet,23
低 软,Low Soft,23
木头 滚动,Wood Rolling,23
木头 胶合板,Wood Plywood,23
通用 金属,Generic Metal,23
小 金属,Small Metal,23
哗啦 轻,Rattle Soft,23
大 木,Large Wood,23
操作 序列,Handling Sequence,23
出 序列,Out Sequence,23
单次 重,Single Hard,23
重 长,Hard Long,23
游戏 鼠,Gaming Mouse,23
户外 自然,Outdoor Natural,23
自然 混响,Natural Reverb,23
桌子 重,Table Hard,23
皮革 金属,Leather Metal,23
流动 短,Movement Short,22
中 区间,Mid Range,22
机器 奔跑,Machine Run,22
快速 长,Fast Long,22
缓慢 轻,Slow Soft,22
鞋 金属,Shoes Metal,22
运动鞋 金属,Sneaker Metal,22
行驶 序列,Drive Sequence,22
干 质感,Dry Texture,22
沙锤 塑料,Shaker Plastic,22
木质 板,Wooden Board,21
金属 木头,Metal Wood,21
金属 吱吱,Metal Squeak,21
岩石 断续,Rock Shuttering,21
断续 格挡,Shuttering Block,21
水 溅,Water Splash,21
硬 短,Hard Short,21
咕哝 短,Grunt Short,21
双 切,Double Cut,21
涡轮 满,Turbine Full,21
满 电源,Full Power,21
水 杯垫,Water Coaster,21
短 快速,Short Fast,21
快速 轻,Fast Soft,21
小 哗啦,Small Rattle,21
咔哒 禁用,Click Disable,21
咔哒 启用,Click Enable,21
长 轻,Long Soft,21
火 部门,Fire Department,21
小 掉落,Small Drop,21
片 金属,Sheet Metal,21
硬 中,Hard Medium,20
撞击 短,Impact Short,20
金属 短,Metal Short,20
小 操作,Small Handling,20
嗖 短,Whoosh Short,20
尖叫 高,Scream High,20
上 短,Up Short,20
手 锯,Hand Saw,20
吱吱 长,Squeak Long,20
攻击 短,Attack Short,20
木 序列,Wood Sequence,20
激光 射击,Laser Shot,20
干 单次,Dry Single,20
勺 操作,Spoons Handling,20
扑克 碎片,Poker Chip,20
现金 箱,Cash Box,20
雌性 疯狂,Female Lunatic,20
软 短,Soft Short,19
金属 小,Metal Small,19
低 结束,Low End,19
尖叫 短,Scream Short,19
极 长,Very Long,19
摇动 短,Shake Short,19
金属 闸门,Metal Gate,19
空洞 序列,Hollow Sequence,19
冰 踩步,Ice Stepping,19
葡萄酒 玻璃,Wine Glass,19
抓取 轻,Grab Soft,19
火 单次,Fire Single,19
音乐 箱,Music Box,19
旋转 控制,Rotary Control,19
失真 纹理,Distortion Texture,18
碎屑 小,Debris Small,18
操作 长,Handling Long,18
极 低,Very Low,18
关闭 序列,Off Sequence,18
飞越 右到,Flyby Right,18
手柄 短,Handle Short,18
摩擦 序列,Rub Sequence,18
旧 关闭,Old Close,18
放置 重,Place Hard,18
吱吱 玻璃,Squeak Glass,18
塑料 门闩,Plastic Latch,18
鼓 军鼓,Drums Snare,18
沙沙 轻,Rustle Soft,18
台 手柄,Controller Next,18
手柄 旁,Next Generation,18
卡车 液压,Truck Hydraulic,18
刮擦 长,Scrape Long,17
水 处理,Water Processed,17
音调 高,Tonal High,17
音符 高,Note High,17
飞越 左到,Flyby Left,17
水 锅炉,Water Boiler,17
关闭 单次,Off Single,17
流动 序列,Movement Sequence,17
泳裤 湿,Trunks Wet,17
嗓音 倒车,Voice Reverse,17
金属 门,Metal Door,17
旧 吱吱,Old Squeak,17
玻璃 胡椒,Glass Pepper,17
杯 放置,Cup Place,17
节拍 序列,Bpm Sequence,17
金属 件,Metal Piece,17
鼓 镲,Drums Cymbal,17
塑料 蛋,Plastic Egg,17
液压 站台,Hydraulic Platform,17
孩童 四,Kid Four,17
雌性 欢呼,Female Cheer,17
疯狂 尖叫,Lunatic Scream,17
呻吟 短,Groan Short,16
柯尔特 新,Colt New,16
新 制式,New Service,16
撞击 低,Impact Low,16
低 硬,Low Hard,16
入 手,In Hand,16
单发 快,Single Fast,16
纸牌 拉弓,Cards Bowing,16
缓慢 短,Slow Short,16
敲击 短,Hit Short,16
滴答 微小,Ticking Tiny,16
痛苦 短,Pain Short,16
木 棒,Wood Stick,16
木 厚,Wood Thick,16
石头 破碎机,Stone Crusher,16
塑料 装置,Plastic Device,16
盖 长,Lid Long,16
颤音 低,Tremolo Low,16
叮当 棒,Jingle Stick,16
东方 弦,Oriental Strings,16
小 手柄,Small Handle,16
胡桃木 塑料,Walnut Plastic,16
口哨 塑料,Whistle Plastic,16
菜单 选择,Menu Select,16
竞速 启动,Racing Start,16
痛苦 重,Pain Hard,16
小 抓取,Small Grab,15
短 低,Short Low,15
长 尾音,Long Tail,15
失真 低,Distorted Low,15
金属 大,Metal Large,15
击打 硬,Hit Hard,15
下 短,Down Short,15
嗖 低,Whoosh Low,15
高 转速,High Rpm,15
关闭 下,Shut Down,15
单次 长,Single Long,15
下 轻,Down Soft,15
拉 关闭,Pull Off,15
旧 建筑,Old Building,15
雌性 短,Female Short,15
桌子 轻,Table Soft,15
射击 眼镜,Shot Glasses,15
旧 按钮,Old Button,15
金属 箱,Metal Box,15
雨 棒,Rain Stick,15
塑料 受压,Plastic Pressured,15
石头 砖,Stone Brick,15
液压 小,Hydraulics Small,15
空气 失真,Air Distortion,14
尖啸 短,Screech Short,14
巨大 近,Huge Close,14
巨大 远处,Huge Distant,14
大 近,Large Close,14
大 远处,Large Distant,14
中 近,Medium Close,14
中 远处,Medium Distant,14
小 近,Small Close,14
小 远处,Small Distant,14
木头 刮擦,Wood Scrape,14
木头 序列,Wood Sequence,14
金属 低,Metal Low,14
喉音 软,Guttural Soft,14
金属 盘,Metal Plate,14
金属 风,Metal Wind,14
掉落 短,Drop Short,14
手 金属,Handed Metal,14
金属 小圆盾,Metal Buckler,14
击打 软,Hit Soft,14
瓶 小,Bottle Small,14
单发 慢,Single Slow,14
金属 塑料,Metal Plastic,14
狮 轰鸣,Lions Roar,14
塔斯马尼亚 恶魔,Tasmanian Devil,14
序列 高,Sequence High,14
马 弗里克,Maverick Single,14
诺夫 射击,Shot Sequence,14
射击 序列,Sequence M,14
诺夫 单发,Single Shot,14
弗里克 单发,Single Shot,14
飞越 快速,Flyby Fast,14
长 鸣响,Long Ring,14
山羊 咩,Goat Baa,14
撞击 轻,Impact Soft,14
滑动 轻,Slide Soft,14
轻 序列,Soft Sequence,14
低 低频,Low Sub,14
金属 拉杆,Metal Lever,14
水 怪物,Water Monster,14
怪物 雌性,Monster Female,14
旧 开启,Old Open,14
开启 长,Open Long,14
金属 单次,Metal Single,14
大 抽屉,Large Drawer,14
合成器 射击,Synth Shot,14
混合 碗,Mixing Bowl,14
雕刻 板,Carving Board,14
玩耍 卡片,Playing Cards,14
微小 塑料,Tiny Plastic,14
公文包 塑料,Briefcase Plastic,14
踏板 船,Pedal Boat,14
船 拉杆,Boat Lever,14
按钮 厚实,Button Robust,14
管弦乐 叮当,Orchestra Jingle,14
撕 上,Tear Up,14
启动 引擎,Start Engine,14
拳击 冲击,Boxing Punching,14
冲击 袋,Punching Bag,14
研磨 金属,Grind Metal,14
重 尖锐,Hard Sharp,14
运动 自行车,Sport Bike,14
痛苦 轻,Pain Soft,14
流动 低,Movement Low,13
刮擦 低,Scrape Low,13
长 低,Long Low,13
木头 棒,Wood Bar,13
起音 短,Attack Short,13
咔哒 快速,Click Fast,13
低 经过,Low Pass,13
小 刮擦,Small Scrape,13
小 塑料,Small Plastic,13
塑料 包裹,Plastic Package,13
摩擦 摩擦,Friction Rub,13
刮擦 短,Scrape Short,13
金属 罐,Metal Can,13
失谐 弦,Detuned Strings,13
音符 低,Note Low,13
极 高,Very High,13
塑料 盖,Plastic Lid,13
转速 循环,Rpm Loop,13
上 长,Up Long,13
长 重,Long Hard,13
高 序列,High Sequence,13
胡桃夹 群组,Nutcracker Group,13
滚动 短,Roll Short,13
下 重,Down Hard,13
轻拍 序列,Pat Sequence,13
放置 瓷砖,Put Tile,13
长 缓慢,Long Slow,13
昆虫 沙锤,Insect Shaker,13
登山扣 金属,Carabiner Metal,13
放屁 放屁,Fart Whoopee,13
放屁 坐垫,Whoopee Cushion,13
大 刀,Large Knife,13
撕 关闭,Tear Off,13
抓取 重,Grab Hard,13
开启 盖,Open Cap,13
叉 操作,Forks Handling,13
奔跑 长,Run Long,13
金属 木,Metal Wood,13
低 力,Low Force,13
木质 楼层,Wooden Floor,13
罐 放置,Can Put,13
和弦 高,Chord High,13
和弦 满,Chord Full,13
塑料 美工刀,Plastic Boxcutter,13
卷笔刀 机器,Sharpener Machine,13
滑板 室内,Skateboard Indoors,13
研磨机 石头,Grinder Stone,13
喇叭 小,Horn Small,13
宝马 内部,Bmw E,13
渐强 短,Swell Short,12
轻 流动,Light Movement,12
呻吟 中,Moan Medium,12
反转 混响,Reverse Reverb,12
小 痛苦,Small Pain,12
喉音 痛苦,Throaty Pain,12
瞬态 射击,Transient Shot,12
平静 远,Calm Far,12
强烈 远,Intense Far,12
欢庆 大,Celebrate Large,12
欢庆 小,Celebrate Small,12
恐惧 大,Fear Large,12
恐惧 小,Fear Small,12
换弹 快,Reload Fast,12
木头 金属,Wood Metal,12
金属 操作,Metal Handling,12
软 中,Soft Medium,12
桌 金属,Table Metal,12
塑料 工具箱,Plastic Toolbox,12
湿 意面,Wet Pasta,12
大 刮擦,Large Scrape,12
锁 咔哒,Lock Click,12
咖啡 机器,Coffee Machine,12
电 轮椅,Electric Wheelchair,12
金属 拉弓,Metal Bowed,12
嗖 轻,Whoosh Soft,12
啁啾 高,Chirp High,12
恶魔 尖啸,Devil Screech,12
直尺 拉弓,Ruler Bowing,12
切 锉,Cut File,12
锉 锉,File Filing,12
飞越 远距,Flyby Distant,12
环球 霸王,C Globemaster,12
吱呀 长,Creak Long,12
绿 青蛙,Green Frog,12
短 单次,Short Single,12
关闭 长,Close Long,12
轻 高,Soft High,12
碗 小,Bowl Small,12
出 轻,Out Soft,12
轻 缓慢,Soft Slow,12
缓慢 重,Slow Hard,12
左 咔哒,Left Click,12
咔哒 单次,Click Single,12
胶带 机器,Tape Machine,12
猪 男人,Swine Man,12
敲击 双,Hit Double,12
嗓音 呼吸,Vocal Breath,12
金属 关闭,Metal Close,12
塑料 手柄,Plastic Handle,12
公寓 旧,Apartment Old,12
金属 夹子,Metal Clip,12
敲 关闭,Knock Off,12
放置 轻,Place Soft,12
哐当 短,Clatter Short,12
大 塑料,Big Plastic,12
哐当 重,Clatter Hard,12
茶 勺,Tea Spoons,12
机器 重机,Machine Juki,12
装置 哗啦,Device Rattle,12
锄 敲击,Hoe Hitting,12
鼓 节拍,Drums Beat,12
箱 和弦,Box Chord,12
硬币 敲击,Coin Hit,12
光盘 盖,Cd Cover,12
杠铃 重,Barbell Heavy,12
线缆 机器,Cable Machine,12
排气 关闭,Exhaust Close,12
水槽 水,Sink Water,12
硬 长,Hard Long,11
木质 托盘,Wooden Pallet,11
金属 序列,Metal Sequence,11
木头 弹跳,Wood Bounce,11
短 有力,Short Punchy,11
高 音调,High Tonal,11
吠 短,Bark Short,11
沙沙 短,Rustle Short,11
音调 短,Tonal Short,11
颗粒 塑料,Granular Plastic,11
金属 薄板,Metal Sheet,11
击打 手,Hit Hand,11
薄板 金属,Sheet Metal,11
木头 大,Wood Large,11
木头 小,Wood Small,11
爆发 短,Burst Short,11
软 木槌,Soft Mallet,11
手 鼓,Hand Drum,11
材质 包裹,Material Parcel,11
包裹 磁带,Parcel Tape,11
近 长,Close Long,11
轻 上,Light Up,11
序列 快,Sequence Fast,11
木头 单发,Wood Single,11
私人 小,Private Small,11
飞越 嗖,Flyby Whoosh,11
玻璃 开启,Glass Open,11
施工 工地,Construction Site,11
低 缓慢,Low Slow,11
大黄蜂 嗡鸣,Hornet Hum,11
衣物 水,Clothes Water,11
出 重,Out Hard,11
湿 轻拍,Wet Pat,11
咔哒 缓慢,Click Slow,11
上 序列,Up Sequence,11
推子 塑料,Fader Plastic,11
噪声 轻,Noise Soft,11
小 嗓音,Small Vocal,11
室内 单次,Indoor Single,11
木 玻璃,Wood Glass,11
门 内部,Door Inside,11
低 弦,Low String,11
序列 低,Sequence Low,11
小 灌木,Small Brush,11
轻 滑动,Light Slide,11
射击 玻璃,Shot Glass,11
哐当 轻,Clatter Soft,11
碎片 堆叠,Chip Stack,11
小 碎片,Small Pieces,11
使用 短,Use Short,11
坦克 小,Tank Small,11
弹响 金属,Boing Metal,11
鼓 踩镲,Drums Hihat,11
瓶 巨大,Bottle Massive,11
滚轮 滑板,Roller Skate,11
母 船,Mother Ship,11
小 列表,Small List,11
轻 音调,Light Tonal,10
痛苦 尖叫,Agony Scream,10
换弹 慢,Reload Slow,10
大 抓取,Large Grab,10
小 咔哒,Small Rattle,10
金属 多,Metal Multiple,10
小 击打,Small Hit,10
嗖 小,Whoosh Small,10
喉音 短,Guttural Short,10
短 硬,Short Hard,10
短 软,Short Soft,10
短 快,Short Fast,10
滤波 气泡,Filter Bubbles,10
拖拽 桌,Drag Table,10
短 双,Short Double,10
金属 失真,Metallic Distorted,10
硬 主体,Hard Body,10
硬 尾音,Hard Tail,10
气体 燃烧,Gas Combustion,10
大 火炬,Large Torch,10
金属 长,Metal Long,10
小 长,Small Long,10
空 液体,Empty Liquid,10
低 音高,Low Pitch,10
上升 短,Rise Short,10
弦琴 乐句,Gurdy Phrases,10
玩具 摩擦,Toy Friction,10
大 掉落,Large Drop,10
咕哝 长,Grunt Long,10
尖啸 高,Screech High,10
序列 慢,Sequence Slow,10
高 速度,High Speed,10
内部 踏板,Int Pedal,10
直接 小,Direct Small,10
射击 范围,Shooting Range,10
短 哗啦,Short Rattle,10
短 混响,Short Reverberant,10
拉戈 隼,Laggar Falcon,10
鹦鹉 歌唱,Parrot Sing,10
衬衫 湿,Shirt Wet,10
出 短,Out Short,10
轻 快速,Soft Fast,10
湿 摇动,Wet Shake,10
长 快速,Long Fast,10
攻击 长,Attack Long,10
孩童 计数,Kids Counting,10
烤箱 旧,Oven Old,10
玻璃 小,Glass Small,10
阻尼 轻,Damped Soft,10
塑料 关闭,Plastic Close,10
金属 碗,Metal Bowl,10
引擎 小,Engine Small,10
干 滑动,Dry Slide,10
大 切,Large Cut,10
锅 煎,Pan Fry,10
麦片 碗,Cereal Bowl,10
板 小,Plate Small,10
玻璃 拧,Glass Twist,10
玻璃 敲击,Glass Hit,10
室内 史密斯,Indoor Smith,10
重 高,Hard High,10
消化 咕哝,Digestion Grumble,10
吱吱 干,Squeak Dry,10
冰 表面,Ice Surface,10
浸入 搅拌机,Immersion Blender,10
转动 重,Turn Hard,10
排风扇 大,Ventilator Large,10
按压 机器,Press Machine,10
精密 机械,Precision Mechanics,10
金属 棘轮,Metal Ratchet,10
灯 开关,Light Switch,10
镲 大,Cymbal Large,10
镲 小,Cymbal Small,10
棒 摇动,Stick Shake,10
小 层,Small Layer,10
棒 流动,Stick Movement,10
拾取 滑动,Pick Slide,10
重 盖,Hard Cover,10
小 盖,Small Lid,10
雨伞 大,Umbrella Big,10
片 撕,Sheet Tear,10
树叶 树枝,Leaves Branches,10
小 外部,Small Exterior,10
嗓音 双簧管,Vocal Oboe,10
双 音高,Double Pitch,10
咕哝 潺潺,Mumble Babbling,10
灯 链,Light Chain,10
木质 椅子,Wooden Chair,10
空气感 轻,Airy Light,9
小 单次,Small Single,9
小 持续,Small Constant,9
高 快,High Fast,9
链 大,Chain Large,9
落 慢,Drop Slow,9
音调 快,Tonal Fast,9
快 持续,Fast Constant,9
处理 低,Processed Low,9
木头 栅栏,Wood Fence,9
滚动 撞击,Rolling Impact,9
引信 燃烧,Fuse Burn,9
短 断续,Short Stutter,9
吹 短,Blow Short,9
噪声 低,Noise Low,9
西瓜 湿,Watermelon Wet,9
手 大,Handed Large,9
软 持续,Soft Constant,9
细 破碎,Fine Broken,9
鸣响 球,Ringing Ball,9
铃鼓 小,Tambourine Small,9
塑料 防水布,Plastic Tarp,9
盒子 大,Box Large,9
小 双,Small Double,9
射击 短,Shot Short,9
延迟 调制,Delay Modulation,9
复杂 小,Complex Small,9
金属 音高,Metal Pitch,9
下 长,Down Long,9
浓缩咖啡 机器,Espresso Machine,9
雷 远处,Thunder Distant,9
雨 轻,Rain Light,9
虎 咆哮,Tiger Roar,9
啁啾 短,Chirp Short,9
鹰 蛙鸣,Hawk Croak,9
摩擦 桌,Rub Table,9
叶 拉弓,Leaf Bowing,9
麋鹿 鸣叫,Elk Caller,9
塑料 杯,Plastic Cup,9
空 木头,Hollow Wood,9
怠速 循环,Idle Loop,9
轻 低,Soft Low,9
极 轻,Very Soft,9
球 铃,Balls Bell,9
小 序列,Small Sequence,9
吱吱 轻,Squeak Soft,9
吱呀 短,Creak Short,9
大 哐当,Big Clatter,9
拧 快速,Wring Fast,9
轮 咔哒,Wheel Click,9
靴 上,Boot Up,9
旋转 电话,Rotary Phone,9
上 重,Up Hard,9
呼喊 短,Shout Short,9
蛇 高,Snake High,9
高 哗啦,High Rattle,9
鸟 管道,Bird Pipe,9
混合 群组,Mixed Group,9
群组 四,Group Four,9
旧 木,Old Wood,9
门 旧,Door Old,9
旧 仓储,Old Storage,9
短 远距,Short Distant,9
门 金属,Door Metal,9
长 混响,Long Reverberant,9
摇动 长,Shake Long,9
金属 集装箱,Metal Container,9
金属 实心,Metal Solid,9
滑动 重,Slide Hard,9
重 黄铜,Heavy Brass,9
滚动 轻,Roll Soft,9
敲击 低,Hit Low,9
大 灌木,Big Brush,9
轻 行走,Light Walk,9
颗粒感 石头,Gritty Stone,9
研磨 序列,Grind Sequence,9
滋滋 序列,Sizzle Sequence,9
滚动 针,Rolling Pin,9
小 胡椒,Small Pepper,9
金属 弹壳,Metal Shell,9
条 关闭,Strip Off,9
空旷 放置,Empty Put,9
餐具 大,Cutlery Large,9
双 快速,Double Fast,9
满 序列,Full Sequence,9
袋 小,Bag Small,9
机器 启动,Machine Start,9
启动 停,Start Stop,9
机器 引擎,Machine Engine,9
塑料 按钮,Plastic Button,9
飞行 箱,Flight Case,9
旋转 金属,Spin Metal,9
旧 吊起,Old Hoist,9
立体声 咔哒,Stereo Click,9
自行车 户外,Bike Outside,9
塑料 小,Plastic Small,9
敲击 床,Hitting Bed,9
废料 金属,Scrap Metal,9
刮擦 锉刀,Scratching File,9
大 敲击,Large Hit,9
小 件,Small Piece,9
箱 重,Case Heavy,9
湿 粒子,Wet Particles,9
湿 触手,Wet Tentacle,9
无 电线,No Wires,9
箱 塑料,Box Plastic,9
塑料 喷雾,Plastic Spray,9
梯子 小,Ladder Small,9
海绵 湿,Sponge Wet,9
长 关闭,Long Close,9
液压 大,Hydraulics Large,9
大 稳定,Large Steady,9
小 稳定,Small Steady,9
引擎 低,Engine Low,9
游泳 户外,Swimming Outside,9
户外 泳池,Outside Pool,9
研磨机 嗡鸣,Grinder Hum,9
嗡鸣 怠速,Hum Idle,9
嗓音 小号,Vocal Trumpet,9
嗓音 小,Vocal Small,9
晃动 塑料,Wobble Pvc,9
塑料 片,Pvc Sheet,9
卡通 序列,Cartoon Sequence,9
提示 双,Alert Double,9
干 擦洗,Dry Scrub,9
内部 中心,E Interior,9
中心 操控,Interior Center,9
内部 通风,Int Ventilation,9
幼 孩童,Young Kid,9
嘎吱 火焰,Crunchy Fire,8
玻璃 风铃,Glass Chimes,8
石头 撞击,Stone Impact,8
小 起音,Small Attack,8
小 呼气,Small Exhale,8
小 吸气,Small Inhale,8
喉音 起音,Throaty Attack,8
喉音 呼气,Throaty Exhale,8
喉音 吸气,Throaty Inhale,8
低 慢,Low Slow,8
哀求 大,Beg Large,8
哀求 小,Beg Small,8
格斗 大,Fight Large,8
格斗 小,Fight Small,8
呻吟 巨大,Moan Huge,8
呻吟 大,Moan Large,8
呻吟 小,Moan Small,8
金属 鸣响,Metal Ring,8
击打 低,Hit Low,8
金属 滑动,Metal Slide,8
慢 持续,Slow Constant,8
水 桨,Water Paddle,8
水 嗖,Water Whoosh,8
箱 葡萄酒,Case Wine,8
木头 谷仓,Wood Barn,8
栅栏 杆,Fence Poles,8
木质 盒子,Wooden Box,8
中 硬,Medium Hard,8
吠 低,Bark Low,8
短 音调,Short Tonal,8
摇晃 撞击,Shake Impact,8
撞击 小,Impact Small,8
镰刀 小,Scythe Small,8
小 余响,Small Ringout,8
小 装备,Small Equip,8
小 卸下,Small Unequip,8
硬 持续,Hard Constant,8
气泡 长,Bubbles Long,8
气泡 短,Bubbles Short,8
风铃 卷轴,Chimes Scroll,8
塑料 试管,Plastic Tube,8
落 大,Drop Large,8
低 咔哒,Low Rattle,8
岩石 塑料,Rock Plastic,8
塑料 盆,Plastic Tub,8
吱吱 序列,Squeak Sequence,8
纹理 空气,Textured Air,8
摩擦 金属,Rub Metal,8
引擎 短,Engine Short,8
螺丝 落,Screws Drop,8
咕哝 尖叫,Grunt Squeal,8
尖叫 软,Scream Soft,8
哈里斯 鹰,Harris Hawk,8
盖 拉弓,Lid Bowing,8
卡祖笛 金属,Kazoo Metal,8
钩 镰,Billhook Scrape,8
加速 短,Accelerate Short,8
波音 飞越,Boeing Flyby,8
私人 飞越,Private Flyby,8
等 远处,Medium Distance,8
远距 短,Distant Short,8
导弹 大,Missile Large,8
塑料 开启,Plastic Open,8
序列 关闭,Sequence Close,8
鸣响 短,Ring Short,8
哔 高,Beep High,8
枪 射击,Gun Shot,8
短 关闭,Short Close,8
幼崽 鼠,Baby Rat,8
响亮 短,Loud Short,8
刮擦 敲击,Scratch Hit,8
长 单次,Long Single,8
单次 高,Single High,8
群组 鸣叫,Group Call,8
手柄 长,Handle Long,8
操作 轻,Handling Soft,8
金属 掉落,Metal Drop,8
扳手 轻,Wrench Soft,8
出 长,Out Long,8
双 重,Double Hard,8
释放 重,Release Hard,8
收音机 咔哒,Radio Click,8
低 序列,Low Sequence,8
大 喷鼻,Large Snort,8
嗓音 大,Vocal Large,8
大 首领,Large Boss,8
哗啦 低,Rattle Low,8
流动 小,Movement Small,8
吱吱 情绪,Squeaky Emotional,8
闸门 金属,Gate Metal,8
大 闸门,Big Gate,8
混响 重,Reverberant Hard,8
房间 木质,Room Wooden,8
旧 锁,Old Lock,8
低频 序列,Bass Sequence,8
安保 金属,Security Metal,8
木质 壁橱,Wooden Closet,8
玻璃 关闭,Glass Close,8
暗黑 金属,Dark Metal,8
电磁 嗡嗡,Electromagnetic Buzz,8
自行车 头盔,Bicycle Helmet,8
赤脚 金属,Barefoot Metal,8
金属 行走,Metal Walk,8
火 噼啪,Fire Crackle,8
刀 小,Knife Small,8
锅 滋滋,Pan Sizzle,8
玻璃 空旷,Glass Empty,8
玻璃 搁架,Glass Shelve,8
搁架 轻,Shelve Soft,8
哐当 长,Clatter Long,8
黏土 罐,Clay Jar,8
汤 勺,Soup Spoons,8
郊区 新,Suburban New,8
年 傍晚,Year Evening,8
快速 高,Fast High,8
撕 分开,Tear Apart,8
左轮 室内,Revolver Indoor,8
灌木 干,Brush Dry,8
压碎 冰,Crushed Ice,8
奔跑 短,Run Short,8
冰沙 搅拌机,Smoothie Mixer,8
搅拌机 引擎,Blender Engine,8
引擎 旋转,Engine Spinning,8
看台 搅拌机,Stand Mixer,8
机器 长,Machine Long,8
打印 机器,Printing Machine,8
咔哒 微小,Clicks Tiny,8
塑料 电钻,Plastic Drill,8
厚实 弹簧,Robust Spring,8
弹簧 咔哒,Spring Click,8
刮擦 顺滑,Scratch Smooth,8
控制 短,Control Short,8
木 中,On Wood,8
厚 金属,Thick Metal,8
塑料 管道,Pvc Pipe,8
金属 条纹,Metal Stripes,8
小 螺丝,Small Screw,8
干 颗粒感,Dry Gritty,8
混合 湿,Mixed Wet,8
湿 毛皮,Wet Fur,8
湿 质感,Wet Texture,8
颤音 高,Tremolo High,8
低 八度,Low Octave,8
弦 东方,Strings Oriental,8
东方 序列,Oriental Sequence,8
大 空旷,Big Empty,8
纸箱 大,Carton Large,8
仓储 箱,Storage Box,8
瓶 放置,Bottle Put,8
小 放置,Small Place,8
订书机 大,Stapler Big,8
魔术贴 大,Velcro Large,8
大 混凝土,Big Concrete,8
石头 板,Stone Plate,8
稳定 长,Steady Long,8
机器 旧,Machine Old,8
旧 拉,Old Pull,8
滑行 短,Skating Short,8
电钻 低,Drill Low,8
研磨 高,Grind High,8
石头 研磨,Stone Grind,8
小号 鸟,Trumpet Bird,8
玻璃 软木塞,Glass Cork,8
消音 哔,Censor Bleep,8
干 花,Dried Flowers,8
轮 尖啸,Wheels Screech,8
雄性 欢呼,Male Cheer,8
轻敲 流动,Tap Flow,8
坠落 石头,Falling Stone,8
塑料 吱吱,Plastic Squeak,8
小 快速,Small Fast,7
盾牌 金属,Shield Metal,7
铃 风铃,Bell Chime,7
裂响 高,Crack High,7
射击 低,Shot Low,7
音调 金属,Tonal Metal,7
鸣响 击打,Ringing Hit,7
木头 咔哒,Wood Rattle,7
软 长,Soft Long,7
沙砾 大,Gravel Large,7
嗖 快,Whoosh Fast,7
公斤 木质,Kg Wooden,7
木质 梁,Wooden Beam,7
弹跳 重,Bounce Heavy,7
呻吟 低,Moan Low,7
快 撞击,Fast Impact,7
杆 薄,Rod Thin,7
钩 撞击,Hook Impact,7
挥扫 快,Swipe Fast,7
爆炸 小,Explosion Small,7
小 风铃,Small Chimes,7
颗粒 沙锤,Grain Shaker,7
刮擦 双,Scrape Double,7
渐强 长,Swell Long,7
低 音调,Low Tonal,7
金属 杂物,Metal Junk,7
木头 盒子,Wood Box,7
咔哒 咔哒,Clack Click,7
短 流动,Short Movement,7
金属 高,Metal High,7
撞击 拉弓,Crash Bowed,7
金属 流动,Metal Movement,7
金属 晃动,Metal Wobble,7
适中 长,Moderate Long,7
撕 撕裂,Rip Tear,7
鸣叫 短,Call Short,7
摩擦 吱吱,Friction Squeak,7
石膏板 沙哑,Drywall Rasp,7
木质 院子,Wooden Yard,7
低 闷,Low Muffled,7
短 重击,Short Punch,7
塑料 球,Plastic Ball,7
晃动 短,Wobble Short,7
减速 长,Decelerate Long,7
鸟 啁啾,Bird Chirp,7
阵风 涡轮,Rafale Turbine,7
飞越 中,C Flyby,7
长 远距,Long Distant,7
飞越 缓慢,Flyby Slow,7
一次性 大,Disposable Large,7
工业 区域,Industry Area,7
单次 低,Single Low,7
短 中频,Short Mid,7
狮 咆哮,Lion Roar,7
尖啸 单次,Shriek Single,7
轻拍 重,Pat Hard,7
轻拍 轻,Pat Soft,7
怠速 长,Idle Long,7
咔哒 电源,Click Power,7
怠速 高,Idle High,7
儿童 呼喊,Children Shouting,7
小 群组,Small Group,7
群组 儿童,Group Children,7
雄性 短,Male Short,7
爆炸 大,Explosion Large,7
刮擦 关闭,Scrape Off,7
吱吱 微小,Squeaks Tiny,7
小 敲击,Small Hit,7
手柄 轻,Handle Soft,7
捶打 金属,Pound Metal,7
大 门,Large Door,7
啪响 大,Snaps Large,7
混响 轻,Reverberant Soft,7
户外 单次,Outdoor Single,7
隆隆 短,Rumble Short,7
低频 撞击,Sub Impact,7
中频 高,Mid High,7
塑料 哗啦,Plastic Rattle,7
机器 速度,Machine Speed,7
嗓音 低语,Vocal Whisper,7
穿过 水,Through Water,7
砂岩 鞋,Sandstone Shoe,7
切 序列,Cut Sequence,7
板 木,Board Wood,7
摇动 序列,Shake Sequence,7
放置 桌布,Place Tablecloth,7
搁架 重,Shelve Hard,7
旋转 长,Spin Long,7
小 手动,Small Manual,7
小 搁架,Small Shelve,7
卡片 拖步,Cards Shuffle,7
高 力,High Force,7
大 葡萄酒,Big Wine,7
流动 脉冲,Flowing Pulse,7
节拍 双,Beat Double,7
射击 长,Shot Long,7
吱呀 吱吱,Creaking Squeaking,7
噪声 序列,Noise Sequence,7
搅拌机 奔跑,Blender Run,7
洗碗机 托盘,Dishwasher Tray,7
怠速 低,Idle Low,7
短 刺,Short Thrusts,7
序列 内部,Sequence Interior,7
袜子 编织,Sock Knitting,7
编织 机器,Knitting Machine,7
小 精密,Small Precision,7
设计 啪响,Designed Snaps,7
怠速 短,Idle Short,7
冰 碎裂,Ice Crunch,7
冰 哗啦,Ice Rattle,7
上 高,Up High,7
上 低,Up Low,7
金属 拧,Metal Twist,7
拉杆 小,Lever Small,7
大 复杂,Large Complex,7
塑料 棘轮,Plastic Ratchet,7
旧 开关,Old Switch,7
小 门闩,Small Latch,7
不 均,On Uneven,7
稳定 短,Steady Short,7
件 低,Piece Low,7
巨大 关闭,Massive Close,7
掉落 石头,Drop Stone,7
管道 敲击,Pipe Hitting,7
序列 噼啪,Sequence Crackling,7
纸 箱,Paper Box,7
引擎 大,Engine Large,7
大 层,Large Layer,7
护甲 金属,Armor Metal,7
质感 塑料,Texture Plastic,7
重 地面,Hard Ground,7
小 爬行,Small Crawl,7
延音 高,Sustain High,7
搋子 关闭,Plunger Off,7
节拍器 节拍,Metronome Bpm,7
鼓 棒,Drums Sticks,7
弹壳 棒,Shell Stick,7
木质 音,Wooden Tone,7
音 块,Tone Block,7
力度 长,Velocity Long,7
旧 小提琴,Old Violin,7
管道 重,Pipe Hard,7
管道 轻,Pipe Soft,7
塑料 掉落,Plastic Drop,7
箱 硬币,Box Coins,7
小猪 岸边,Piggy Bank,7
光盘 箱,Dvd Case,7
大 门闩,Big Latch,7
玻璃 塑料,Glass Plastic,7
卫生 玻璃,Hygiene Glass,7
化妆 箱,Makeup Box,7
军用 箱,Military Case,7
钱 箱,Money Box,7
梯子 金属,Ladder Metal,7
订书机 咔哒,Stapler Click,7
清洁器 塑料,Cleaner Plastic,7
塑料 零件,Plastic Parts,7
石头 掉落,Stone Drop,7
空气 序列,Air Sequence,7
包裹 小,Package Small,7
小 开心果,Small Pistachio,7
胶带 撕,Tape Tear,7
大 鹅卵石,Big Cobblestone,7
力 短,Force Short,7
等 雨,Rain On,7
安卓 嗓音,Android Voice,7
低 快速,Low Fast,7
满 油门,Full Throttle,7
网球 室内,Tennis Indoor,7
捆 大,Bundle Big,7
钻 机器,Drilling Machine,7
研磨 低,Grind Low,7
塑料 低,Plastic Low,7
低 压力,Low Pressure,7
区域 火车,Regional Train,7
哔 重,Beep Hard,7
弹出 单次,Reject Single,7
铁路 轨道,Railway Track,7
旧 拖拉机,Old Tractor,7
迷你 卡丁车,Mini Kart,7
小 女孩,Little Girl,7
打斗 呻吟,Fight Moan,7
鸭 嗓音,Duck Voice,7
玻璃 倾倒,Glass Pour,7
箭 单次,Arrows Single,7
剑 大,Sword Large,7
塑料 板,Plastic Board,6
抹刀 木质,Trowel Wooden,6
音调 玻璃,Tonal Glass,6
点燃 大,Ignite Large,6
有机 大,Organic Large,6
大 碎裂,Large Crunch,6
复杂 长,Complex Long,6
小 树叶,Small Leaves,6
卡祖笛 呻吟,Kazoo Moan,6
轰鸣 痛苦,Roaring Pain,6
舌 咔哒,Tongue Clicking,6
深 痛苦,Deep Pain,6
尖啸 痛苦,Screeching Pain,6
射击 调制,Shot Modulated,6
低 纹理,Low Texture,6
慢 空击,Slow Dryfire,6
纳甘 子弹,Nagant M,6
击打 高,Hit High,6
手 击打,Hand Hit,6
调制 快,Modulation Fast,6
箭 快,Arrow Fast,6
刮擦 巨大,Scrape Massive,6
研磨 短,Grind Short,6
木头 吱呀,Wood Creak,6
吱呀 轻,Creak Soft,6
短 中,Short Mid,6
长 硬,Long Hard,6
哭喊 硬,Cry Hard,6
长 断续,Long Stutter,6
长 软,Long Soft,6
高 噪声,High Noise,6
快速 能量,Speedy Energy,6
手提箱 金属,Suitcase Metal,6
金属 喷嘴,Metal Nozzle,6
失真 高,Distorted High,6
纹理 快,Texture Fast,6
撞击 长,Impact Long,6
音调 中频,Tonal Midrange,6
湿 碎屑,Wet Debris,6
金属 衣柜,Metal Wardrobe,6
小 格挡,Small Parry,6
碰撞 格挡,Clash Block,6
大 织物,Large Fabric,6
小 复杂,Small Complex,6
爆发 长,Burst Long,6
快 电击,Fast Zap,6
大 风铃,Large Chimes,6
嗖 软,Whoosh Soft,6
铃鼓 大,Tambourine Large,6
鸣响 钟琴,Ringing Glockenspiel,6
小 钟琴,Small Glockenspiel,6
木质 防水布,Wooden Tarp,6
材质 厚,Material Thick,6
厚 纸,Thick Paper,6
棍 薄,Stick Thin,6
流动 手,Movement Hand,6
大 皮革,Large Leather,6
击打 咔哒,Hit Rattle,6
低音 软,Bass Soft,6
号 自行车,Horn Bicycle,6
气球 尖叫,Balloon Screaming,6
取 下,Take Off,6
咔哒 双,Click Double,6
颗粒 齿轮,Granular Gear,6
汽油 卡丁车,Petrol Kart,6
音调 低,Tonal Low,6
晃动 高,Wobble High,6
短 金属,Short Metal,6
盒子 双,Box Double,6
双 低音,Double Bass,6
弦 薄,String Thin,6
二 胡,Er Hu,6
上升 低,Rise Low,6
短 高亮,Short Highlight,6
滤波 共鸣,Filter Resonance,6
噪声 短,Noise Short,6
一 射击,One Shot,6
咆哮 硬,Snarl Hard,6
硬 凶狠,Hard Vicious,6
虎 嘶嘶,Tiger Hiss,6
嘶嘶 硬,Hiss Hard,6
尖啸 尖叫,Screech Squeal,6
鸸鹋 闷击,Emu Thumping,6
闷击 极,Thumping Very,6
桌 共鸣,Table Resonant,6
长 高,Long High,6
尖啸 长,Screech Long,6
拉弓 猛烈,Bowing Aggressive,6
鸣叫 长,Call Long,6
吹口 塑料,Mouthpiece Plastic,6
自行车 泵,Bicycle Pump,6
混凝土 序列,Concrete Sequence,6
热 水,Hot Water,6
晃动 轻,Wobble Soft,6
开关 关闭,Switch Off,6
经过 关闭,Pass Close,6
飞越 关闭,Flyby Close,6
小 飞越,Small Flyby,6
小 涡轮,Small Turbine,6
低 转速,Low Rpm,6
雷电 飞越,Thunderbolt Flyby,6
霸王 飞越,Globemaster Flyby,6
支点 飞越,Fulcrum Flyby,6
阵风 飞越,Rafale Flyby,6
单次 飞越,Single Flyby,6
导弹 小,Missile Small,6
吹 长,Blow Long,6
释放 短,Release Short,6
内部 关闭,Inside Close,6
火 灭火器,Fire Extinguisher,6
哔 低,Beep Low,6
恐怖 粒子,Horror Particle,6
青蛙 序列,Frog Sequence,6
序列 蛙鸣,Sequence Croak,6
响亮 长,Loud Long,6
青蛙 单次,Frog Single,6
哭叫 短,Cry Short,6
口哨 低,Whistle Low,6
嗡嗡 短,Buzz Short,6
鸣叫 轻,Hoot Soft,6
咆哮 凶猛,Roar Aggressive,6
轻 开启,Soft Open,6
群组 尖叫,Group Scream,6
短 响亮,Short Loud,6
狮鹫 尖啸,Griffon Shriek,6
掉落 长,Drop Long,6
掉落 小,Drop Small,6
空洞 轻,Hollow Soft,6
金属 行驶,Metal Drive,6
三 次,Three Times,6
水 滴,Water Drip,6
水 上,Water Up,6
扳手 重,Wrench Hard,6
湿 敲击,Wet Hit,6
湿 扳手,Wet Wrench,6
湿 衬衫,Wet Shirt,6
快门 声音,Shutter Sound,6
双 短,Double Short,6
苏联 旋转,Soviet Rotary,6
大 漱口,Large Gargle,6
喉咙 咔哒,Throat Clicking,6
近 死亡,Near Death,6
嗓音 嘶,Vocal Hiss,6
循环 缓慢,Loop Slow,6
低 哗啦,Low Rattling,6
旧 按键,Old Key,6
储藏室 旧,Storeroom Old,6
旧 房屋,Old House,6
敲 旧,Knock Old,6
重 中途,Heavy Halfway,6
木质 滑动,Wooden Sliding,6
抽出 短,Draw Short,6
大 垃圾,Large Trash,6
低频 踢,Sub Kick,6
金属 隆隆,Metal Rumble,6
哗啦 弦,Rattling Strings,6
射击 动作,Shot Action,6
鸣响 风铃,Ringing Chime,6
嗡嗡 低,Buzz Low,6
滋滋 短,Sizzle Short,6
启动 长,Start Long,6
嗓音 雄性,Vocal Male,6
闷响 序列,Thud Sequence,6
马达 加速,Motor Acceleration,6
装置 操作,Device Handling,6
嗡嗡 移动,Buzz Move,6
高 嗡嗡,High Buzz,6
背包 大,Backpack Large,6
撞击 垫,Crash Pad,6
蹄 咔哒,Hooves Clack,6
火 大,Fire Large,6
关闭 混合,Off Mixing,6
金属 勺,Metal Spoon,6
面团 揉,Dough Kneading,6
玻璃 叮当,Glass Clink,6
水 摇动,Water Shake,6
下 倾倒,Down Tipping,6
冰 方块,Ice Cube,6
木 短,Wood Short,6
餐具 板,Dishes Plate,6
板 板,Plate On,6
锅 哐,Pots Clank,6
咖啡 桶,Coffee Bin,6
蛋糕 叉,Cake Forks,6
手柄 序列,Handle Sequence,6
槽 机器,Slot Machine,6
大 碎片,Big Shards,6
历史 火炮,Historical Cannon,6
通用 火,Generic Fire,6
喘气 轻,Gasp Soft,6
冰 刮擦,Ice Scratch,6
刮擦 火花,Scratch Sparks,6
敲击 序列,Hit Sequence,6
吱呀 序列,Creak Sequence,6
黏液 挤压,Slime Squish,6
目标 移动,Target Mover,6
托盘 抽出,Tray Draw,6
搅拌机 使用,Blender Use,6
机器 拉,Machine Pull,6
快速 双,Fast Double,6
火 嗖,Fire Whoosh,6
火花 序列,Spark Sequence,6
投射物 射击,Projectile Shot,6
金属 装置,Metal Device,6
轨道 砂光机,Orbital Sander,6
锁 重,Lock Hard,6
塑料 搭扣,Plastic Clasp,6
拉杆 金属,Lever Metal,6
门闩 咔哒,Latch Click,6
短 转动,Short Turn,6
小 木,Small Wood,6
撕扯 折叠,Tearing Folded,6
重 双,Hard Double,6
风扇 弓拉,Fan Bowed,6
弓拉 吱吱,Bowed Squeak,6
旁 手,By Hand,6
铁 施工,Iron Construction,6
施工 棒,Construction Rods,6
金属 花瓶,Metal Vase,6
箱 摇动,Box Shake,6
层 变化,Layer Variation,6
长号 短,Trombone Short,6
大号 短,Tuba Short,6
风铃 竹,Chime Bamboo,6
节奏口技 序列,Beatbox Sequence,6
木 咔哒,Wood Clack,6
摇动 节拍,Shake Bpm,6
阻尼 节拍,Damped Bpm,6
弦 序列,Strings Sequence,6
叮当 黄铜,Jingle Brass,6
大 玩具,Big Toy,6
塑料 紧绷,Plastic Tense,6
盖 撇,Cover Skim,6
轻 盖,Soft Cover,6
硬币 大,Coins Big,6
金属 旋转,Metal Spin,6
岸边 大,Bank Large,6
大 满,Large Full,6
眼镜 箱,Eyeglasses Case,6
管 大,Tube Large,6
大 盖,Large Lid,6
腌菜 罐,Pickle Jar,6
塑料 垃圾桶,Plastic Trashcan,6
订书机 使用,Stapler Using,6
篮 金属,Basket Metal,6
大 摇动,Big Shake,6
适中 滚动,Moderate Rolls,6
小 碎石,Small Gravel,6
楼层 滚动,Floor Rolling,6
单次 撕,Single Tear,6
受压 高度,Pressured Highly,6
小 管道,Small Pipe,6
城市 高楼,Urban Highrise,6
石头 敲击,Stone Hit,6
小 变化,Small Altering,6
飞越 大,Flyby Large,6
声音 压力,Sound Pressure,6
游戏 启动,Game Start,6
捆 小,Bundle Small,6
室内 行驶,Indoors Drive,6
木 长,Wood Long,6
电钻 高,Drill High,6
纸 鸣叫,Paper Hoot,6
噗通 高,Plop High,6
聆听 小,Listen Small,6
通用 干,Generic Dry,6
世代 关闭,On Off,6
关闭 按压,Off Press,6
排气 宽,Exhaust Wide,6
旁 滑行,By Freewheel,6
内部 灯,Int Light,6
坦克 大,Tank Large,6
低 轰鸣,Low Rev,6
灰熊 科幻,Grizzly Fi,6
水 音效,Water FX,6
森林 小,Forest Small,6
水 填充,Water Fill,6
石头 深沉,Stone Deep,6
两 刀,Two Knives,6
手柄 塑料,Handle Plastic,6
木质 块,Wooden Blocks,6
碎屑 掉落,Debris Drops,5
崩裂 火焰,Crumbling Flames,5
火焰 施法,Fire Cast,5
金属 盖,Metal Lid,5
风铃 双层,Chimes Double,5
双层 层,Double Layer,5
风铃 单次,Chimes Single,5
纸 包裹,Paper Parcel,5
微光 金属,Shimmer Metal,5
金属 快速,Metal Fast,5
半 加农炮,Demi Cannon,5
纹理 短,Texture Short,5
裂响 低,Crack Low,5
失真 音调,Distortion Tonal,5
欢庆 母,Celebration Female,5
出发 母,Go Female,5
欢呼 母,Hurrah Female,5
欢庆 公,Celebration Male,5
出发 公,Go Male,5
拉 双,Pull Double,5
纹理 噼啪,Texture Crackling,5
噼啪 刮擦,Crackling Scrape,5
水听器 裂响,Hydrophone Cracks,5
高 鸣响,High Ringing,5
沙 手,Sand Hand,5
持续 慢,Constant Slow,5
层叠 落,Drop On,5
落 木质,On Wooden,5
层叠 击打,Hit On,5
击打 木质,On Wooden,5
碎块 小,Pieces Small,5
小 滴流,Small Trickling,5
内爆 硬,Implosion Hard,5
梁 高,Beam High,5
杆 大,Poles Large,5
大 容器,Large Container,5
胶合板 破碎,Plywood Breaking,5
轰鸣 短,Rev Short,5
飞机 经过,Plane By,5
长 慢,Long Slow,5
吸尘器 气球,Hoover Balloon,5
气球 摩擦,Balloon Friction,5
音调 长,Tonal Long,5
塑料 袋子,Plastic Bag,5
低 频率,Low Frequency,5
中 慢,Medium Slow,5
底座 高,Base High,5
纹理 慢,Texture Slow,5
音调 移频,Tonal Freqshift,5
滤波 低,Filter Low,5
粗粝 低,Gritty Low,5
撞击 湿,Impact Wet,5
生菜 嘎吱,Lettuce Crunch,5
盐 杆,Salt Rod,5
出 泥土,Out Earth,5
小 硬,Small Hard,5
小 软,Small Soft,5
刮擦 格挡,Scrape Parry,5
挥砍 快,Slash Fast,5
软 低,Soft Low,5
布 低,Cloth Low,5
玻璃杯 罐,Glass Jar,5
瓶 大,Bottle Big,5
流动 快,Movement Fast,5
高 结束,High End,5
嗖 金属,Whoosh Metal,5
手 铃,Hand Bell,5
手 硬,Hand Hard,5
手 软,Hand Soft,5
木槌 硬,Mallet Hard,5
小 手,Small Hand,5
帆布 刮擦,Canvas Scratch,5
玻璃杯 大,Glass Large,5
大 短,Big Short,5
小 包装,Small Packaging,5
木质 竹,Wooden Bamboo,5
长 衰减,Long Decay,5
风 低,Wind Low,5
猫 道,Catwalk Scaffolding,5
道 脚手架,Scaffolding On,5
击打 摩擦,Hit Friction,5
摩擦 木槌,Friction Mallet,5
猛烈 短,Aggressive Short,5
低 超低,Low Sub,5
盒子 近,Box Close,5
双 咔哒,Double Click,5
电 汽车,Electric Car,5
齿轮 安装,Gear Attach,5
软 音调,Soft Tonal,5
拉弓 音调,Bowing Tonal,5
快 短,Fast Short,5
管道 长,Pipe Long,5
手风琴 键盘,Accordion Clavier,5
深 低,Deep Low,5
吉他 高,Guitar High,5
镲 薄,Cymbal Thin,5
薄 撞击,Thin Crash,5
轰鸣 低,Roar Low,5
低 呻吟,Low Groan,5
上升 长,Rise Long,5
低音提琴 低,Contrabass Low,5
拉弓 塑料,Bowed Plastic,5
软 爆炸,Soft Explosion,5
棘轮 长,Ratchet Long,5
手 摩擦,Hand Rub,5
枪 火,Gun Fire,5
远处 鸟,Distant Birds,5
近 裂响,Close Cracking,5
长 剥,Long Peel,5
虎 呻吟,Tiger Moan,5
盒子 手,Box Hand,5
手 搅拌器,Hand Mixer,5
拉弓 断续,Bowing Stutter,5
撕裂 磁带,Tear Tape,5
水 浴缸,Water Bath,5
浴缸 玩具,Bath Toy,5
工具箱 塑料,Toolbox Plastic,5
塑料 工具,Plastic Tool,5
螺丝 盖,Screw Cap,5
刀片 锯,Blade Sawing,5
锯 锯,Saw Sawing,5
加农炮 射击,Cannon Shot,5
轻柔 速度,Whispy Speed,5
基础 短,Basic Short,5
速度 长,Speed Long,5
飞 风,Flying Wind,5
穿过 手指,Through Fingers,5
齿轮 袋子,Gear Bag,5
移动 短,Move Short,5
木销 厚,Dowel Thick,5
木销 薄,Dowel Thin,5
高 科技,High Tech,5
双 延迟,Dual Delay,5
金属 螺丝,Metal Screw,5
啁啾 长,Chirp Long,5
泥土 碎裂,Dirt Crunch,5
上 小,Up Small,5
鸟 近,Birds Close,5
远距 序列,Distant Sequence,5
小 缓慢,Small Slow,5
堡垒 飞越,Stratofortress Flyby,5
飞 循环,Fly Loop,5
中队 飞越,Squadron Flyby,5
吹 轻,Blow Soft,5
湿 长,Wet Long,5
嘶 短,Hiss Short,5
蒸汽 铁,Steam Iron,5
节奏 循环,Rhythm Loop,5
稳定 循环,Steady Loop,5
机器 作业,Machine Work,5
大厅 白天,Hall Daytime,5
大 船,Big Ship,5
人群 交谈,Crowd Talking,5
水 水滴,Water Drops,5
机器 房间,Machine Room,5
河流 小,River Small,5
口哨 高,Whistle High,5
嗡鸣 玻璃,Hum Glass,5
鼠 单次,Rat Single,5
单次 尖叫,Single Squeal,5
秃鹫 尖啸,Vulture Shriek,5
高 吱吱,High Squeak,5
旧 钢,Old Steel,5
引擎 待机,Engine Standby,5
移动 序列,Move Sequence,5
堆叠 轻,Stack Soft,5
适中 短,Moderate Short,5
链 小,Chain Small,5
第 节拍,Th Bpm,5
低 轻,Low Soft,5
沙沙 长,Rustle Long,5
袋 拉链,Bag Zippers,5
皮革 轻,Leather Soft,5
湿 游泳,Wet Swimming,5
撕 床,Rip Bed,5
双 轻,Double Soft,5
卡带 箱,Cassette Case,5
插入 重,Insert Hard,5
桌子 金属,Table Metal,5
阿尔法 连续,Alpha Serial,5
连续 快门,Serial Shutter,5
节奏 序列,Rhythmic Sequence,5
上 轻,Up Soft,5
打字机 序列,Typewriter Sequence,5
高 尖叫,High Scream,5
侏儒 嗓音,Gnome Vocal,5
尖叫 重,Scream Hard,5
哗啦 高,Rattle High,5
小 流动,Small Movement,5
尖啸 重,Screech Hard,5
嗓音 厚,Voice Thick,5
碎裂 之间,Crunch Between,5
短 缓慢,Short Slow,5
木质 棘轮,Wooden Ratchet,5
儿童 笑,Children Laugh,5
安静 短,Quiet Short,5
碎石 流动,Gravel Flow,5
洗碗机 旧,Dishwasher Old,5
干 清洁器,Dry Cleaner,5
猛关 关闭,Slam Shut,5
门槛 盖,Threshold Cover,5
盖 吱呀,Cover Creaks,5
按压 轻,Press Soft,5
建筑 按键,Building Key,5
重 缓慢,Hard Slow,5
按键 箱,Key Box,5
箱 门,Box Door,5
内部 开启,Inside Open,5
进入 门,Entry Door,5
金属 锁,Metal Lock,5
大 吱吱,Big Squeak,5
低 嗡鸣,Low Hum,5
巨大 金属,Massive Metal,5
低频 低频,Sub Bass,5
满 黄铜,Full Brass,5
恐怖 低,Horror Low,5
锯 低,Saw Low,5
鸣响 张力,Ringing Tension,5
哐 重,Clank Hard,5
哐 轻,Clank Soft,5
牛铃 刮擦,Cowbell Scratch,5
恐怖 金属,Horror Metal,5
撞击 序列,Impact Sequence,5
低 尾端,Low End,5
细 金属,Thin Metal,5
高 金属,High Metal,5
雄性 高,Male High,5
雌性 长,Female Long,5
电磁 高,Electromagnetic High,5
音高 变化,Pitch Variation,5
爆发 嗡嗡,Burst Buzz,5
夹子 高,Clip High,5
放屁 短,Fart Short,5
轻 跳跃,Light Jump,5
轻 奔跑,Light Run,5
干 楼下,Dry Downstairs,5
干 跳跃,Dry Jump,5
干 奔跑,Dry Run,5
干 楼上,Dry Upstairs,5
干 行走,Dry Walk,5
脚步 小,Footsteps Small,5
小 细,Small Thin,5
细 冰,Thin Ice,5
冰 噼啪,Ice Crackle,5
噼啪 长,Crackle Long,5
噼啪 序列,Crackle Sequence,5
湿 序列,Wet Sequence,5
拍击 低,Slap Low,5
煎 锅,Frying Pan,5
粗糙 鞋,Rough Shoe,5
滑 关闭,Slip Off,5
人类 摩擦,Human Rubbing,5
摩擦 手,Rubbing Hands,5
接住 重,Catch Hard,5
打蛋器 序列,Whisk Sequence,5
刀 刺,Knife Stab,5
切 大,Cut Large,5
刀 序列,Knife Sequence,5
大 雕刻,Large Carving,5
小 雕刻,Small Carving,5
煎 蔬菜,Fry Vegetables,5
蔬菜 滋滋,Vegetables Sizzle,5
木 板,Wood Board,5
面粉 台面,Flour Worktop,5
搅打 奶油,Whipped Cream,5
饮料 玻璃,Drink Glass,5
玻璃 牛奶,Glass Milk,5
人类 玻璃,Human Glass,5
玻璃 饮料,Glass Drink,5
上 水,Up Water,5
小 动物,Small Animal,5
裂响 短,Crack Short,5
香槟 玻璃,Champagne Glass,5
桌子 放置,Table Place,5
玻璃杯 木质,Tumbler Wooden,5
晃动 长,Wobble Long,5
锅 关闭,Pan Close,5
盖 小,Lid Small,5
扭动 短,Wiggle Short,5
堆叠 叮当,Stack Clink,5
石头 碗,Stone Bowl,5
远距 烟花,Distant Fireworks,5
远距 射击,Distant Shot,5
堆叠 小,Stack Small,5
小 落下,Small Fall,5
落下 序列,Fall Sequence,5
敲击 碎屑,Hitting Debris,5
摩擦 轻,Rubbing Light,5
大 火,Large Fire,5
纳甘 火,Nagant Fire,5
恐惧 序列,Fear Sequence,5
雌性 轻,Female Soft,5
轻 中频,Soft Mid,5
干 开启,Dry Open,5
金属 酒吧,Metal Bar,5
冰 水,Ice Water,5
机器 压脚,Machine Presser,5
自动 咖啡,Automatic Coffee,5
处理器 新,Processor New,5
搅拌机 马达,Blender Motor,5
按压 水,Press Water,5
按压 重,Press Hard,5
关闭 满,Close Full,5
快速 加速,Fast Acceleration,5
机器 怠速,Machine Idle,5
小 风镐,Small Jackhammer,5
熨烫 机器,Ironing Machine,5
啪响 小,Snap Small,5
金属 安保,Metal Security,5
金属 轮,Metal Wheel,5
吱吱 小,Squeak Small,5
转动 轻,Turn Soft,5
旋转 开关,Rotary Switch,5
弹簧 摇动,Spring Shaken,5
弦 尖啸,Strings Screech,5
重 物体,Heavy Object,5
油灰 抹刀,Putty Trowels,5
抹刀 灌木,Trowels Brush,5
尖叫 明亮,Squeal Bright,5
混凝土 中,On Concrete,5
旧 生锈,Old Rusty,5
双 长,Double Long,5
轻 阻尼,Soft Damped,5
阻尼 重,Damped Hard,5
噼啪 重,Crackling Hard,5
噼啪 轻,Crackling Soft,5
门 强,Door Strong,5
金属 皮带,Metal Belt,5
金属 线轴,Metal Spool,5
轻 嗖,Soft Whoosh,5
干 嗖,Dry Whoosh,5
塑料 柠檬,Plastic Lemon,5
木质 沙锤,Wooden Shaker,5
新 街机,New Arcade,5
和弦 强,Chord Strong,5
叮当 满,Jingle Full,5
高 到,String High,5
到 低,High Low,5
低 干净,Low Clean,5
原声 拾取,Acoustic Pick,5
滑动 低,Slide Low,5
吉他 叮当,Guitar Clink,5
弦 嗡嗡,String Buzz,5
小调 轻,Minor Soft,5
满 大调,Full Major,5
打击乐 管,Percussion Tubes,5
塑料 放置,Plastic Put,5
强 单次,Strong Single,5
放置 现金,Put Cash,5
蛋糕 箱,Cake Box,5
纸箱 箱,Carton Box,5
纸箱 小,Carton Small,5
金属 工具箱,Metal Toolbox,5
箱 操作,Box Handling,5
巨大 开启,Massive Open,5
开启 满,Open Full,5
罐 中型,Jar Midsize,5
木 箱,Wood Case,5
箱 乐器,Case Instrument,5
乐器 旧,Instrument Old,5
折叠 椅子,Folding Chair,5
重 木质,Heavy Wooden,5
箱 切割机,Box Cutter,5
复杂 塑料,Complex Plastic,5
擦洗 塑料,Scrub Plastic,5
擦洗 鞋,Scrub Shoe,5
项链 台面,Necklace Countertop,5
滚动 关闭,Roll Off,5
椅子 滚动,Chair Trundle,5
滑板 轮,Skate Wheel,5
序列 沥青,Sequence Asphalt,5
小 混凝土,Small Concrete,5
大理石 塑料,Marble Plastic,5
声音 管,Sound Tube,5
吱吱 塑料,Squeak Plastic,5
大 管道,Big Pipe,5
长 管道,Long Pipe,5
塑料 棒,Plastic Stick,5
棒 拍击,Stick Slap,5
雷 城市,Thunder Urban,5
嗓音 笑声,Voice Laughter,5
轻 吱吱,Light Squeak,5
复古 电脑,Retro Computer,5
划过 短,Swipe Short,5
打斗 赛车,Fighting Racer,5
大 飞碟,Large Ufo,5
外星 母,Alien Mother,5
引擎 高,Engine High,5
小 飞行器,Small Craft,5
飞越 嗡鸣,Flyby Drone,5
火车 金属,Train Metal,5
嗖 重,Whoosh Hard,5
单次 手,Single Hand,5
手 接住,Hand Catch,5
训练 脚步,Training Steps,5
板 替换,Plates Replace,5
自行车 鞍,Bicycle Saddle,5
鞋 摩擦,Shoe Friction,5
桌 序列,Desk Sequence,5
桌子 序列,Table Sequence,5
切 重,Cut Hard,5
粗糙 高,Rough High,5
上升 轻,Rise Soft,5
弹跳 金属,Bounce Metal,5
口哨 卡通,Whistle Cartoon,5
游戏 声音,Game Sound,5
声音 单次,Sound Single,5
选择 嘶,Select Hiss,5
列表 短,List Short,5
音调 哔,Tonal Bleep,5
菜单 咔哒,Menu Click,5
咔哒 合成,Click Synthetic,5
碎裂 干,Crunch Dried,5
启动 短,Start Short,5
刹车 重,Brake Hard,5
内部 喇叭,Int Horn,5
达契亚 行驶,Dacia Driving,5
头枕 满,Headrest Full,5
满 调整,Full Adjustment,5
内部 手刹,Int Handbrake,5
直 轻,Straight Soft,5
手套 箱,Glove Box,5
雄性 旧,Male Old,5
背带 轻,Harness Light,5
打斗 法杖,Fighting Staff,5
吹 高,Blow High,5
风 机器,Wind Machine,5
手动 小,Manual Small,5
干 树枝,Dry Branch,4
音调 咔哒,Tonal Rattle,4
轻 金属,Light Metal,4
低 鸣响,Low Ringing,4
燃烧 短,Burn Short,4
低 持续,Low Constant,4
皮革 拍,Leather Smack,4
短 远处,Short Distant,4
管 小,Pipe Small,4
调制 颗粒,Modulation Particles,4
刮擦 音调,Scratch Tonal,4
定音鼓 软,Timpani Soft,4
摩擦 刮擦,Friction Scrape,4
嗡鸣 飞,Drone Flying,4
失真 调制,Distorted Modulation,4
低 重,Low Hard,4
咔哒 小,Click Small,4
啪 咔哒,Snap Rattle,4
汽车 引擎盖,Car Bonnet,4
短 滤波,Short Filter,4
小 岩石,Small Rocks,4
驴 尖叫,Donkey Shriek,4
尖叫 近,Scream Close,4
火花 大,Spark Large,4
生菜 撕,Lettuce Tear,4
橙 挤压,Orange Squish,4
上升 高,Rise High,4
冰箱 嗡鸣,Fridge Hum,4
打斗 序列,Fighting Sequence,4
关闭 循环,Close Loop,4
机械 流动,Mechanical Movement,4
撕 轻,Rip Soft,4
电话 数字,Phone Number,4
巨型 呻吟,Giant Moan,4
攻击 轻,Attack Soft,4
循环 快速,Loop Fast,4
箱 锁,Case Lock,4
木质 关闭,Wooden Close,4
屏幕 关闭,Screen Shut,4
大 快速,Big Fast,4
等 短,Medium Short,4
手 敲击,Hand Strike,4
放置 滑动,Place Slide,4
关闭 顶,Closing Top,4
石头 小,Stone Small,4
爬行 重,Crawl Hard,4
悬疑 和弦,Suspense Chords,4
鼓 填充,Drums Fill,4
箱 手柄,Case Handle,4
擦洗 锅,Scrub Pan,4
雨伞 关闭,Umbrella Closed,4
书写 序列,Write Sequence,4
短 减速,Short Deceleration,4
奔跑 机器,Run Machine,4
外部 启动,Exterior Start,4
滑行 缓慢,Freewheel Slow,4
锯 短,Saw Short,4
缓慢 加速,Slow Acceleration,4
内部 座椅,Int Seat,4
雄性 嗡鸣,Male Humming,4
小 河流,Small River,4
